,1173-1093-1-
,1173-1094-1-
,1189-1733-
,1276-1134-1-
,1276-1909-6-
,1276-6524-1-
,1276-6526-1-
,1528-1426-
,"160-1435-1-"
,"160-1436-1-"
,"160-1446-1-"
,"160-1447-1-"
,"160-1647-1-"
,"223-1623-5-"
,296-47880-1-
,311-1.00KHRCT-
,311-1.80KHRCT-
,311-10.0KHRCT-
,311-100GRCT-
,311-100KHRCT-
,311-11.0KHRCT-
,311-20.0HRCT-
,311-20.0KHRCT-
,311-22.0KHRCT-
,311-39.0HRCT-
,311-4.99KHRCT-
,311-470GRCT-
,311-5.49KHRCT-
,"311-56GRCT-"
,311-82.5KHRCT-
,311-90.9KHRCT-
,"

36-3000-"
,"399-1091-1-"
,"399-1171-1-"
,"399-9043-1-"
,"401-1999-1-"
,445-14423-1-
,"445-5667-1-"
,"490-1174-1-"
,490-12323-1-
,"490-1532-1-"
,"490-7203-1-"
,"495-2363-6-"
,"497-3226-1-"
,"587-2984-1-"
,"587-2990-6-"
,602-1889-
,"672-1009-1-"
,"732-3880-1-"
,"732-4180-1-"
,931-1175-
,ATSAMG55J19B-AUTCT-
,ATXMEGA128A3-AU-
,CKN9112CT-
,ISL83490IBZ-
,LT1797CS5#TRMPBFCT-
,LTC3130IMSE-1#PBF-
,LTC4417CGN#PBF-
,MAX31856MUD+-
,MPMT-1K/5KCT-
,P100DBDKR-
,S3299-
,S9015E-03-
,"

SAM8799-"
,SI7135DP-T1-GE3CT-
,SMBJ26AFSCT-
,SMBJ26CAFSCT-